source_system;source_file;source_sheet;source_row_number;source_id;loan_account_no;account_no;pk_number;cif_no;cif_id;loan_product_code;loan_product_id;saving_account_no;saving_account_id;branch_code;branch_id;marketing_code;marketing_id;principal_amount;interest_rate;interest_margin;tenor;tenor_type;calculation_method;is_diskonto;diskonto_upfront_amount;due_date_cycle;disbursement_date;outstanding_principal;outstanding_interest;outstanding_penalty;dpd_days;kol_level;collateral_type;collateral_description;collateral_certificate_no;collateral_value;collateral_address;guarantor_name;guarantor_nik;guarantor_phone;guarantor_address;guarantor_relation;provision_fee;admin_fee;insurance_fee;flagging_fee;stamp_duty_fee;prepaid_installment_count;prepaid_installment_amount;blocked_savings_count;blocked_savings_amount;status;approved_by;approved_at;created_by;migration_notes
EXCEL;EXCEL;EXCEL;1;1;301000100000000001;301000100000000001;;00010000042;42;301;1;104000100000000042;1112;0001;1;MKT-0001-001;1;50000000.00;12.00;00.00;1;MONTHS;FLAT;1;500000.00;;01/04/25;50000000.00;00.00;00.00;0;1;;;;;;;;;;;00.00;00.00;00.00;00.00;00.00;0;00.00;0;00.00;ACTIVE;2;2025-12-01 00:00:00;1;
EXCEL;EXCEL;EXCEL;2;1;301000100000000002;301000100000000002;;00010000001;1;301;1;104000100000000001;1071;0001;1;MKT-0001-002;1;50000000.00;12.00;00.00;1;MONTHS;FLAT;1;500000.00;;01/04/25;50000000.00;00.00;00.00;0;1;;;;;;;;;;;00.00;00.00;00.00;00.00;00.00;0;00.00;0;00.00;ACTIVE;2;2025-12-01 00:00:01;1;
EXCEL;EXCEL;EXCEL;3;1;301000100000000003;301000100000000003;;00010000061;61;301;1;104000100000000061;1131;0001;1;MKT-0001-003;1;50000000.00;12.00;00.00;24;MONTHS;FLAT;0;00.00;;01/06/25;37500000.00;00.00;00.00;0;1;;;;;;;;;;;00.00;00.00;00.00;00.00;00.00;0;00.00;0;00.00;ACTIVE;2;2025-12-01 00:00:02;1;
EXCEL;EXCEL;EXCEL;4;1;301000100000000004;301000100000000004;;00010000199;793;301;1;104000100000000793;1269;0001;1;MKT-0001-004;1;35000000.00;12.00;00.00;10;MONTHS;FLAT;0;00.00;;01/06/25;10500000.00;00.00;00.00;0;1;;;;;;;;;;;00.00;00.00;00.00;00.00;00.00;0;00.00;0;00.00;ACTIVE;2;2025-12-01 00:00:03;1;
EXCEL;EXCEL;EXCEL;5;1;301000100000000005;301000100000000005;;00010000052;52;301;1;104000100000000052;1122;0001;1;MKT-0001-005;1;50000000.00;12.00;00.00;60;MONTHS;FLAT;0;00.00;;01/04/25;43333333.33;00.00;00.00;0;1;;;;;;;;;;;00.00;00.00;00.00;00.00;00.00;0;00.00;0;00.00;ACTIVE;2;2025-12-01 00:00:04;1;
EXCEL;EXCEL;EXCEL;6;1;301000100000000006;301000100000000006;;00010000051;51;301;1;104000100000000051;1121;0001;1;MKT-0001-006;1;50000000.00;12.00;00.00;60;MONTHS;FLAT;0;00.00;;01/04/25;43333333.33;00.00;00.00;0;1;;;;;;;;;;;00.00;00.00;00.00;00.00;00.00;0;00.00;0;00.00;ACTIVE;2;2025-12-01 00:00:05;1;
EXCEL;EXCEL;EXCEL;7;1;301000100000000007;301000100000000007;;00010000041;41;301;1;104000100000000041;1111;0001;1;MKT-0001-007;1;20000000.00;12.00;00.00;24;MONTHS;FLAT;0;00.00;;01/08/25;16666666.67;00.00;00.00;0;1;;;;;;;;;;;00.00;00.00;00.00;00.00;00.00;0;00.00;0;00.00;ACTIVE;2;2025-12-01 00:00:06;1;
EXCEL;EXCEL;EXCEL;8;1;301000100000000008;301000100000000008;;00010000048;48;301;1;104000100000000048;1118;0001;1;MKT-0001-008;1;10000000.00;12.00;00.00;60;MONTHS;FLAT;0;00.00;;01/08/25;9333333.33;00.00;00.00;0;1;;;;;;;;;;;00.00;00.00;00.00;00.00;00.00;0;00.00;0;00.00;ACTIVE;2;2025-12-01 00:00:07;1;
EXCEL;EXCEL;EXCEL;9;1;301000100000000009;301000100000000009;;00010000002;2;301;1;104000100000000002;1072;0001;1;MKT-0001-009;1;30000000.00;00.00;00.00;25;MONTHS;FLAT;0;00.00;;01/04/25;00.00;00.00;00.00;0;1;;;;;;;;;;;00.00;00.00;00.00;00.00;00.00;0;00.00;0;00.00;CLOSED;2;2025-12-01 00:00:08;1;
EXCEL;EXCEL;EXCEL;10;1;301000100000000010;301000100000000010;;00010000099;99;301;1;104000100000000099;1169;0001;1;MKT-0001-010;1;20000000.00;12.00;00.00;48;MONTHS;FLAT;0;00.00;;01/08/25;18333333.33;00.00;00.00;0;1;;;;;;;;;;;00.00;00.00;00.00;00.00;00.00;0;00.00;0;00.00;ACTIVE;2;2025-12-01 00:00:09;1;
EXCEL;EXCEL;EXCEL;11;1;301000100000000011;301000100000000011;;00010000130;130;301;1;104000100000000130;1200;0001;1;MKT-0001-011;1;20000000.00;12.00;00.00;24;MONTHS;FLAT;0;00.00;;01/08/25;16666666.67;00.00;00.00;0;1;;;;;;;;;;;00.00;00.00;00.00;00.00;00.00;0;00.00;0;00.00;ACTIVE;2;2025-12-01 00:00:10;1;
EXCEL;EXCEL;EXCEL;12;1;301000100000000012;301000100000000012;;00010000109;109;301;1;104000100000000109;1179;0001;1;MKT-0001-012;1;10000000.00;12.00;00.00;5;MONTHS;FLAT;0;00.00;;01/07/25;00.00;00.00;00.00;0;1;;;;;;;;;;;00.00;00.00;00.00;00.00;00.00;0;00.00;0;00.00;CLOSED;2;2025-12-01 00:00:11;1;
EXCEL;EXCEL;EXCEL;13;1;301000100000000013;301000100000000013;;00010000050;50;301;1;104000100000000050;1120;0001;1;MKT-0001-013;1;30000000.00;12.00;00.00;12;MONTHS;FLAT;0;00.00;;01/07/25;17500000.00;00.00;00.00;0;1;;;;;;;;;;;00.00;00.00;00.00;00.00;00.00;0;00.00;0;00.00;ACTIVE;2;2025-12-01 00:00:12;1;
EXCEL;EXCEL;EXCEL;14;1;301000100000000014;301000100000000014;;00010000037;37;301;1;104000100000000037;1107;0001;1;MKT-0001-014;1;20000000.00;00.00;00.00;60;MONTHS;FLAT;0;00.00;;01/08/25;20000000.00;00.00;00.00;0;1;;;;;;;;;;;00.00;00.00;00.00;00.00;00.00;0;00.00;0;00.00;ACTIVE;2;2025-12-01 00:00:13;1;
EXCEL;EXCEL;EXCEL;15;1;301000100000000015;301000100000000015;;00010000104;104;301;1;104000100000000104;1174;0001;1;MKT-0001-015;1;12000000.00;00.00;00.00;5;MONTHS;FLAT;0;00.00;;01/09/25;12000000.00;00.00;00.00;0;1;;;;;;;;;;;00.00;00.00;00.00;00.00;00.00;0;00.00;0;00.00;ACTIVE;2;2025-12-01 00:00:14;1;
EXCEL;EXCEL;EXCEL;16;1;301000100000000016;301000100000000016;;00010000078;78;301;1;104000100000000078;1148;0001;1;MKT-0001-016;1;30000000.00;12.00;00.00;60;MONTHS;FLAT;0;00.00;;01/07/25;27500000.00;00.00;00.00;0;1;;;;;;;;;;;00.00;00.00;00.00;00.00;00.00;0;00.00;0;00.00;ACTIVE;2;2025-12-01 00:00:15;1;
EXCEL;EXCEL;EXCEL;17;1;301000100000000017;301000100000000017;;00010000098;98;301;1;104000100000000098;1168;0001;1;MKT-0001-017;1;50000000.00;12.00;00.00;60;MONTHS;FLAT;0;00.00;;01/11/25;50000000.00;00.00;00.00;0;1;;;;;;;;;;;00.00;00.00;00.00;00.00;00.00;0;00.00;0;00.00;ACTIVE;2;2025-12-01 00:00:16;1;
EXCEL;EXCEL;EXCEL;18;1;301000100000000018;301000100000000018;;00010000077;77;301;1;104000100000000077;1147;0001;1;MKT-0001-018;1;10000000.00;12.00;00.00;12;MONTHS;FLAT;0;00.00;;01/04/25;3333333.33;00.00;00.00;0;1;;;;;;;;;;;00.00;00.00;00.00;00.00;00.00;0;00.00;0;00.00;ACTIVE;2;2025-12-01 00:00:17;1;
EXCEL;EXCEL;EXCEL;19;1;301000100000000019;301000100000000019;;00010000100;100;301;1;104000100000000100;1170;0001;1;MKT-0001-019;1;2000000.00;12.00;00.00;10;MONTHS;FLAT;0;00.00;;01/06/25;800000.00;00.00;00.00;0;1;;;;;;;;;;;00.00;00.00;00.00;00.00;00.00;0;00.00;0;00.00;ACTIVE;2;2025-12-01 00:00:18;1;
EXCEL;EXCEL;EXCEL;20;1;301000100000000020;301000100000000020;;00010000081;81;301;1;104000100000000081;1151;0001;1;MKT-0001-020;1;7000000.00;12.00;00.00;10;MONTHS;FLAT;0;00.00;;01/02/25;00.00;00.00;00.00;0;1;;;;;;;;;;;00.00;00.00;00.00;00.00;00.00;0;00.00;0;00.00;CLOSED;2;2025-12-01 00:00:19;1;
EXCEL;EXCEL;EXCEL;21;1;301000100000000021;301000100000000021;;00010000123;123;301;1;104000100000000123;1193;0001;1;MKT-0001-021;1;25000000.00;12.00;00.00;24;MONTHS;FLAT;0;00.00;;01/11/25;25000000.00;00.00;00.00;0;1;;;;;;;;;;;00.00;00.00;00.00;00.00;00.00;0;00.00;0;00.00;ACTIVE;2;2025-12-01 00:00:20;1;
EXCEL;EXCEL;EXCEL;22;1;301000100000000022;301000100000000022;;00010000120;120;301;1;104000100000000120;1190;0001;1;MKT-0001-022;1;15000000.00;12.00;00.00;24;MONTHS;FLAT;0;00.00;;01/04/25;10000000.00;00.00;00.00;0;1;;;;;;;;;;;00.00;00.00;00.00;00.00;00.00;0;00.00;0;00.00;ACTIVE;2;2025-12-01 00:00:21;1;
EXCEL;EXCEL;EXCEL;23;1;301000100000000023;301000100000000023;;00010000118;118;301;1;104000100000000118;1188;0001;1;MKT-0001-023;1;3000000.00;12.00;00.00;10;MONTHS;FLAT;0;00.00;;01/08/25;1800000.00;00.00;00.00;0;1;;;;;;;;;;;00.00;00.00;00.00;00.00;00.00;0;00.00;0;00.00;ACTIVE;2;2025-12-01 00:00:22;1;
EXCEL;EXCEL;EXCEL;24;1;301000100000000024;301000100000000024;;00010000122;122;301;1;104000100000000122;1192;0001;1;MKT-0001-024;1;50000000.00;12.00;00.00;24;MONTHS;FLAT;0;00.00;;01/08/25;00.00;00.00;00.00;0;1;;;;;;;;;;;00.00;00.00;00.00;00.00;00.00;0;00.00;0;00.00;CLOSED;2;2025-12-01 00:00:23;1;
EXCEL;EXCEL;EXCEL;25;1;301000100000000025;301000100000000025;;00010000079;79;301;1;104000100000000079;1149;0001;1;MKT-0001-025;1;5000000.00;12.00;00.00;10;MONTHS;FLAT;0;00.00;;01/05/25;1500000.00;00.00;00.00;0;1;;;;;;;;;;;00.00;00.00;00.00;00.00;00.00;0;00.00;0;00.00;ACTIVE;2;2025-12-01 00:00:24;1;
EXCEL;EXCEL;EXCEL;26;1;301000100000000026;301000100000000026;;00010000138;138;301;1;104000100000000138;1208;0001;1;MKT-0001-026;1;5000000.00;12.00;00.00;10;MONTHS;FLAT;0;00.00;;01/02/25;00.00;00.00;00.00;0;1;;;;;;;;;;;00.00;00.00;00.00;00.00;00.00;0;00.00;0;00.00;CLOSED;2;2025-12-01 00:00:25;1;
EXCEL;EXCEL;EXCEL;27;1;301000100000000027;301000100000000027;;00010000108;108;301;1;104000100000000108;1178;0001;1;MKT-0001-027;1;5000000.00;12.00;00.00;12;MONTHS;FLAT;0;00.00;;01/08/25;3333333.33;00.00;00.00;0;1;;;;;;;;;;;00.00;00.00;00.00;00.00;00.00;0;00.00;0;00.00;ACTIVE;2;2025-12-01 00:00:26;1;
EXCEL;EXCEL;EXCEL;28;1;301000100000000028;301000100000000028;;00010000124;124;301;1;104000100000000124;1194;0001;1;MKT-0001-028;1;10000000.00;12.00;00.00;12;MONTHS;FLAT;0;00.00;;01/04/25;4166666.67;00.00;00.00;0;1;;;;;;;;;;;00.00;00.00;00.00;00.00;00.00;0;00.00;0;00.00;ACTIVE;2;2025-12-01 00:00:27;1;
EXCEL;EXCEL;EXCEL;29;1;301000100000000029;301000100000000029;;00010000046;46;301;1;104000100000000046;1116;0001;1;MKT-0001-029;1;50000000.00;12.00;00.00;36;MONTHS;FLAT;0;00.00;;01/04/25;38888888.67;00.00;00.00;0;1;;;;;;;;;;;00.00;00.00;00.00;00.00;00.00;0;00.00;0;00.00;ACTIVE;2;2025-12-01 00:00:28;1;
EXCEL;EXCEL;EXCEL;30;1;301000100000000030;301000100000000030;;00010000088;88;301;1;104000100000000088;1158;0001;1;MKT-0001-030;1;25000000.00;12.00;00.00;36;MONTHS;FLAT;0;00.00;;01/04/25;19444444.44;00.00;00.00;0;1;;;;;;;;;;;00.00;00.00;00.00;00.00;00.00;0;00.00;0;00.00;ACTIVE;2;2025-12-01 00:00:29;1;
EXCEL;EXCEL;EXCEL;31;1;301000100000000031;301000100000000031;;00010000049;49;301;1;104000100000000049;1119;0001;1;MKT-0001-031;1;50000000.00;12.00;00.00;60;MONTHS;FLAT;0;00.00;;01/04/25;43333333.33;00.00;00.00;0;1;;;;;;;;;;;00.00;00.00;00.00;00.00;00.00;0;00.00;0;00.00;ACTIVE;2;2025-12-01 00:00:30;1;
EXCEL;EXCEL;EXCEL;32;1;301000100000000032;301000100000000032;;00010000116;116;301;1;104000100000000116;1186;0001;1;MKT-0001-032;1;20000000.00;12.00;00.00;24;MONTHS;FLAT;0;00.00;;01/11/25;19166666.67;00.00;00.00;0;1;;;;;;;;;;;00.00;00.00;00.00;00.00;00.00;0;00.00;0;00.00;ACTIVE;2;2025-12-01 00:00:31;1;
EXCEL;EXCEL;EXCEL;33;1;301000100000000033;301000100000000033;;00010000047;47;301;1;104000100000000047;1117;0001;1;MKT-0001-033;1;15000000.00;12.00;00.00;12;MONTHS;FLAT;0;00.00;;01/12/25;15000000.00;00.00;00.00;0;1;;;;;;;;;;;00.00;00.00;00.00;00.00;00.00;0;00.00;0;00.00;ACTIVE;2;2025-12-01 00:00:32;1;
EXCEL;EXCEL;EXCEL;34;1;301000100000000034;301000100000000034;;00010000115;115;301;1;104000100000000115;1185;0001;1;MKT-0001-034;1;8000000.00;12.00;00.00;12;MONTHS;FLAT;0;00.00;;01/06/25;4000000.00;00.00;00.00;0;1;;;;;;;;;;;00.00;00.00;00.00;00.00;00.00;0;00.00;0;00.00;ACTIVE;2;2025-12-01 00:00:33;1;
EXCEL;EXCEL;EXCEL;35;1;301000100000000035;301000100000000035;;00010000087;87;301;1;104000100000000087;1157;0001;1;MKT-0001-035;1;3500000.00;12.00;00.00;10;MONTHS;FLAT;0;00.00;;01/08/25;2100000.00;00.00;00.00;0;1;;;;;;;;;;;00.00;00.00;00.00;00.00;00.00;0;00.00;0;00.00;ACTIVE;2;2025-12-01 00:00:34;1;
EXCEL;EXCEL;EXCEL;36;1;301000100000000036;301000100000000036;;00010000083;83;301;1;104000100000000083;1153;0001;1;MKT-0001-036;1;4000000.00;12.00;00.00;10;MONTHS;FLAT;0;00.00;;01/09/25;3600000.00;00.00;00.00;0;1;;;;;;;;;;;00.00;00.00;00.00;00.00;00.00;0;00.00;0;00.00;ACTIVE;2;2025-12-01 00:00:35;1;
EXCEL;EXCEL;EXCEL;37;1;301000100000000037;301000100000000037;;00010000083;83;301;1;104000100000000083;1153;0001;1;MKT-0001-037;1;3000000.00;12.00;00.00;12;MONTHS;FLAT;0;00.00;;01/04/25;1000000.00;00.00;00.00;0;1;;;;;;;;;;;00.00;00.00;00.00;00.00;00.00;0;00.00;0;00.00;ACTIVE;2;2025-12-01 00:00:36;1;
EXCEL;EXCEL;EXCEL;38;1;301000100000000038;301000100000000038;;00010000083;83;301;1;104000100000000083;1153;0001;1;MKT-0001-038;1;4000000.00;12.00;00.00;10;MONTHS;FLAT;0;00.00;;01/09/25;3600000.00;00.00;00.00;0;1;;;;;;;;;;;00.00;00.00;00.00;00.00;00.00;0;00.00;0;00.00;ACTIVE;2;2025-12-01 00:00:37;1;
EXCEL;EXCEL;EXCEL;39;1;301000100000000039;301000100000000039;;00010000149;149;301;1;104000100000000149;1219;0001;1;MKT-0001-039;1;00.00;00.00;00.00;10;MONTHS;FLAT;0;00.00;;01/01/25;00.00;00.00;00.00;0;1;;;;;;;;;;;00.00;00.00;00.00;00.00;00.00;0;00.00;0;00.00;CLOSED;2;2025-12-01 00:00:38;1;
EXCEL;EXCEL;EXCEL;40;1;301000100000000040;301000100000000040;;00010000196;196;301;1;104000100000000196;1266;0001;1;MKT-0001-040;1;1500000.00;12.00;00.00;10;MONTHS;FLAT;0;00.00;;01/05/25;450000.00;00.00;00.00;0;1;;;;;;;;;;;00.00;00.00;00.00;00.00;00.00;0;00.00;0;00.00;ACTIVE;2;2025-12-01 00:00:39;1;
EXCEL;EXCEL;EXCEL;41;1;301000100000000041;301000100000000041;;00010000168;168;301;1;104000100000000168;1238;0001;1;MKT-0001-041;1;5000000.00;12.00;00.00;12;MONTHS;FLAT;0;00.00;;01/08/25;3333333.33;00.00;00.00;0;1;;;;;;;;;;;00.00;00.00;00.00;00.00;00.00;0;00.00;0;00.00;ACTIVE;2;2025-12-01 00:00:40;1;
EXCEL;EXCEL;EXCEL;42;1;301000100000000042;301000100000000042;;00010000166;166;301;1;104000100000000166;1236;0001;1;MKT-0001-042;1;4000000.00;12.00;00.00;12;MONTHS;FLAT;0;00.00;;01/07/25;2333333.33;00.00;00.00;0;1;;;;;;;;;;;00.00;00.00;00.00;00.00;00.00;0;00.00;0;00.00;ACTIVE;2;2025-12-01 00:00:41;1;
EXCEL;EXCEL;EXCEL;43;1;301000100000000043;301000100000000043;;00010000187;187;301;1;104000100000000187;1257;0001;1;MKT-0001-043;1;3000000.00;12.00;00.00;8;MONTHS;FLAT;0;00.00;;01/10/25;2250000.00;00.00;00.00;0;1;;;;;;;;;;;00.00;00.00;00.00;00.00;00.00;0;00.00;0;00.00;ACTIVE;2;2025-12-01 00:00:42;1;
EXCEL;EXCEL;EXCEL;44;1;301000100000000044;301000100000000044;;00010000188;188;301;1;104000100000000188;1258;0001;1;MKT-0001-044;1;3000000.00;12.00;00.00;10;MONTHS;FLAT;0;00.00;;01/09/25;2100000.00;00.00;00.00;0;1;;;;;;;;;;;00.00;00.00;00.00;00.00;00.00;0;00.00;0;00.00;ACTIVE;2;2025-12-01 00:00:43;1;
EXCEL;EXCEL;EXCEL;45;1;301000100000000045;301000100000000045;;00010000192;192;301;1;104000100000000192;1262;0001;1;MKT-0001-045;1;10000000.00;12.00;00.00;24;MONTHS;FLAT;0;00.00;;01/04/25;6666333.33;00.00;00.00;0;1;;;;;;;;;;;00.00;00.00;00.00;00.00;00.00;0;00.00;0;00.00;ACTIVE;2;2025-12-01 00:00:44;1;
EXCEL;EXCEL;EXCEL;46;1;301000100000000046;301000100000000046;;00010000198;198;301;1;104000100000000198;1268;0001;1;MKT-0001-046;1;5000000.00;12.00;00.00;10;MONTHS;FLAT;0;00.00;;01/04/25;1000000.00;00.00;00.00;0;1;;;;;;;;;;;00.00;00.00;00.00;00.00;00.00;0;00.00;0;00.00;ACTIVE;2;2025-12-01 00:00:45;1;
EXCEL;EXCEL;EXCEL;47;1;301000100000000047;301000100000000047;;00010000167;167;301;1;104000100000000167;1237;0001;1;MKT-0001-047;1;10000000.00;12.00;00.00;18;MONTHS;FLAT;0;00.00;;01/12/25;10000000.00;00.00;00.00;0;1;;;;;;;;;;;00.00;00.00;00.00;00.00;00.00;0;00.00;0;00.00;ACTIVE;2;2025-12-01 00:00:46;1;
EXCEL;EXCEL;EXCEL;48;1;301000100000000048;301000100000000048;;00010000101;101;301;1;104000100000000101;1171;0001;1;MKT-0001-048;1;3000000.00;12.00;00.00;12;MONTHS;FLAT;0;00.00;;01/08/25;2750000.00;00.00;00.00;0;1;;;;;;;;;;;00.00;00.00;00.00;00.00;00.00;0;00.00;0;00.00;ACTIVE;2;2025-12-01 00:00:47;1;
EXCEL;EXCEL;EXCEL;49;1;301000100000000049;301000100000000049;;00010000127;127;301;1;104000100000000127;1197;0001;1;MKT-0001-049;1;20000000.00;12.00;00.00;24;MONTHS;FLAT;0;00.00;;01/08/25;19166666.67;00.00;00.00;0;1;;;;;;;;;;;00.00;00.00;00.00;00.00;00.00;0;00.00;0;00.00;ACTIVE;2;2025-12-01 00:00:48;1;
EXCEL;EXCEL;EXCEL;50;1;301000100000000050;301000100000000050;;00010000066;66;301;1;104000100000000066;1136;0001;1;MKT-0001-050;1;25000000.00;12.00;00.00;10;MONTHS;FLAT;0;00.00;;01/08/25;20000000.00;00.00;00.00;0;1;;;;;;;;;;;00.00;00.00;00.00;00.00;00.00;0;00.00;0;00.00;ACTIVE;2;2025-12-01 00:00:49;1;
EXCEL;EXCEL;EXCEL;51;1;301000100000000051;301000100000000051;;00010000016;16;301;1;104000100000000016;1086;0001;1;MKT-0001-051;1;50000000.00;12.00;00.00;60;MONTHS;FLAT;0;00.00;;01/08/25;48333333.33;00.00;00.00;0;1;;;;;;;;;;;00.00;00.00;00.00;00.00;00.00;0;00.00;0;00.00;ACTIVE;2;2025-12-01 00:00:50;1;
EXCEL;EXCEL;EXCEL;52;1;301000100000000052;301000100000000052;;00010000092;92;301;1;104000100000000092;1162;0001;1;MKT-0001-052;1;3500000.00;12.00;00.00;5;MONTHS;FLAT;0;00.00;;01/08/25;3500000.00;00.00;00.00;0;1;;;;;;;;;;;00.00;00.00;00.00;00.00;00.00;0;00.00;0;00.00;ACTIVE;2;2025-12-01 00:00:51;1;
EXCEL;EXCEL;EXCEL;53;1;301000100000000053;301000100000000053;;00010000002;2;301;1;104000100000000002;1072;0001;1;MKT-0001-053;1;20000000.00;12.00;00.00;5;MONTHS;FLAT;0;00.00;;01/08/25;00.00;00.00;00.00;0;1;;;;;;;;;;;00.00;00.00;00.00;00.00;00.00;0;00.00;0;00.00;CLOSED;2;2025-12-01 00:00:52;1;
EXCEL;EXCEL;EXCEL;54;1;301000100000000054;301000100000000054;;00010000121;121;301;1;104000100000000121;1191;0001;1;MKT-0001-054;1;8000000.00;12.00;00.00;10;MONTHS;FLAT;0;00.00;;01/08/25;4800000.00;00.00;00.00;0;1;;;;;;;;;;;00.00;00.00;00.00;00.00;00.00;0;00.00;0;00.00;ACTIVE;2;2025-12-01 00:00:53;1;
EXCEL;EXCEL;EXCEL;55;1;301000100000000055;301000100000000055;;00010000046;46;301;1;104000100000000046;1116;0001;1;MKT-0001-055;1;20000000.00;12.00;00.00;5;MONTHS;FLAT;0;00.00;;01/08/25;20000000.00;00.00;00.00;0;1;;;;;;;;;;;00.00;00.00;00.00;00.00;00.00;0;00.00;0;00.00;ACTIVE;2;2025-12-01 00:00:54;1;
EXCEL;EXCEL;EXCEL;56;1;301000100000000056;301000100000000056;;00010000152;152;301;1;104000100000000152;1222;0001;1;MKT-0001-056;1;5000000.00;12.00;00.00;5;MONTHS;FLAT;0;00.00;;01/08/25;1000000.00;00.00;00.00;0;1;;;;;;;;;;;00.00;00.00;00.00;00.00;00.00;0;00.00;0;00.00;ACTIVE;2;2025-12-01 00:00:55;1;
EXCEL;EXCEL;EXCEL;57;1;301000100000000057;301000100000000057;;00010000003;3;301;1;104000100000000003;1073;0001;1;MKT-0001-057;1;8000000.00;12.00;00.00;24;MONTHS;FLAT;0;00.00;;01/09/25;7000000.00;00.00;00.00;0;1;;;;;;;;;;;00.00;00.00;00.00;00.00;00.00;0;00.00;0;00.00;ACTIVE;2;2025-12-01 00:00:56;1;
EXCEL;EXCEL;EXCEL;58;1;301000100000000058;301000100000000058;;00010000015;15;301;1;104000100000000015;1085;0001;1;MKT-0001-058;1;5000000.00;12.00;00.00;12;MONTHS;FLAT;0;00.00;;01/09/25;3750000.00;00.00;00.00;0;1;;;;;;;;;;;00.00;00.00;00.00;00.00;00.00;0;00.00;0;00.00;ACTIVE;2;2025-12-01 00:00:57;1;
EXCEL;EXCEL;EXCEL;59;1;301000100000000059;301000100000000059;;00010000082;82;301;1;104000100000000082;1152;0001;1;MKT-0001-059;1;5000000.00;60.00.00;00.00;5;MONTHS;FLAT;0;00.00;;01/09/25;5000000.00;00.00;00.00;0;1;;;;;;;;;;;00.00;00.00;00.00;00.00;00.00;0;00.00;0;00.00;ACTIVE;2;2025-12-01 00:00:58;1;
EXCEL;EXCEL;EXCEL;60;1;301000100000000060;301000100000000060;;00010000011;11;301;1;104000100000000011;1081;0001;1;MKT-0001-060;1;8000000.00;12.00;00.00;18;MONTHS;FLAT;0;00.00;;01/09/25;6666666.67;00.00;00.00;0;1;;;;;;;;;;;00.00;00.00;00.00;00.00;00.00;0;00.00;0;00.00;ACTIVE;2;2025-12-01 00:00:59;1;
EXCEL;EXCEL;EXCEL;61;1;301000100000000061;301000100000000061;;00010000171;171;301;1;104000100000000171;1241;0001;1;MKT-0001-061;1;5000000.00;12.00;00.00;12;MONTHS;FLAT;0;00.00;;01/10/25;4166666.67;00.00;00.00;0;1;;;;;;;;;;;00.00;00.00;00.00;00.00;00.00;0;00.00;0;00.00;ACTIVE;2;2025-12-01 00:00:60;1;
EXCEL;EXCEL;EXCEL;62;1;301000100000000062;301000100000000062;;00010000082;82;301;1;104000100000000082;1152;0001;1;MKT-0001-062;1;2000000.00;12.00;00.00;12;MONTHS;FLAT;0;00.00;;01/10/25;1666666.67;00.00;00.00;0;1;;;;;;;;;;;00.00;00.00;00.00;00.00;00.00;0;00.00;0;00.00;ACTIVE;2;2025-12-01 00:00:61;1;
EXCEL;EXCEL;EXCEL;63;1;301000100000000063;301000100000000063;;00010000016;16;301;1;104000100000000016;1086;0001;1;MKT-0001-063;1;25000000.00;12.00;00.00;5;MONTHS;FLAT;0;00.00;;01/10/25;25000000.00;00.00;00.00;0;1;;;;;;;;;;;00.00;00.00;00.00;00.00;00.00;0;00.00;0;00.00;ACTIVE;2;2025-12-01 00:00:62;1;
EXCEL;EXCEL;EXCEL;64;1;301000100000000064;301000100000000064;;00010000035;35;301;1;104000100000000035;1105;0001;1;MKT-0001-064;1;3000000.00;00.00;00.00;5;MONTHS;FLAT;0;00.00;;01/11/25;3000000.00;00.00;00.00;0;1;;;;;;;;;;;00.00;00.00;00.00;00.00;00.00;0;00.00;0;00.00;ACTIVE;2;2025-12-01 00:00:63;1;
EXCEL;EXCEL;EXCEL;65;1;301000100000000065;301000100000000065;;00010000097;97;301;1;104000100000000097;1167;0001;1;MKT-0001-065;1;1000000.00;00.00;00.00;10;MONTHS;FLAT;0;00.00;;01/11/25;1000000.00;00.00;00.00;0;1;;;;;;;;;;;00.00;00.00;00.00;00.00;00.00;0;00.00;0;00.00;ACTIVE;2;2025-12-01 00:00:64;1;
EXCEL;EXCEL;EXCEL;66;1;301000100000000066;301000100000000066;;00010000185;185;301;1;104000100000000185;1255;0001;1;MKT-0001-066;1;10000000.00;00.00;00.00;12;MONTHS;FLAT;0;00.00;;01/11/25;10000000.00;00.00;00.00;0;1;;;;;;;;;;;00.00;00.00;00.00;00.00;00.00;0;00.00;0;00.00;ACTIVE;2;2025-12-01 00:00:65;1;
EXCEL;EXCEL;EXCEL;67;1;301000100000000067;301000100000000067;;00010000083;83;301;1;104000100000000083;1153;0001;1;MKT-0001-067;1;4200000.00;00.00;00.00;2;MONTHS;FLAT;0;00.00;;01/11/25;4200000.00;00.00;00.00;0;1;;;;;;;;;;;00.00;00.00;00.00;00.00;00.00;0;00.00;0;00.00;ACTIVE;2;2025-12-01 00:00:66;1;
EXCEL;EXCEL;EXCEL;68;1;301000100000000068;301000100000000068;;00010000175;175;301;1;104000100000000175;1245;0001;1;MKT-0001-068;1;5000000.00;12.00;00.00;12;MONTHS;FLAT;0;00.00;;01/12/25;5000000.00;00.00;00.00;0;1;;;;;;;;;;;00.00;00.00;00.00;00.00;00.00;0;00.00;0;00.00;ACTIVE;2;2025-12-01 00:00:67;1;
EXCEL;EXCEL;EXCEL;69;1;301000100000000069;301000100000000069;;00010000099;99;301;1;104000100000000099;1169;0001;1;MKT-0001-069;1;3000000.00;00.00;00.00;1;MONTHS;FLAT;0;00.00;;01/12/25;3000000.00;00.00;00.00;0;1;;;;;;;;;;;00.00;00.00;00.00;00.00;00.00;0;00.00;0;00.00;ACTIVE;2;2025-12-01 00:00:68;1;
EXCEL;EXCEL;EXCEL;70;1;303000100000000070;303000100000000070;;00010000214;809;303;3;104000100000000809;1326;0001;1;MKT-0001-070;1;6200000.00;0,343055556;00.00;12;MONTHS;FLAT;0;00.00;;01/08/25;4505533.33;00.00;00.00;0;1;;;;;;;;;;;00.00;00.00;00.00;00.00;00.00;0;00.00;0;00.00;ACTIVE;2;2025-12-01 00:00:69;1;
EXCEL;EXCEL;EXCEL;71;1;303000100000000071;303000100000000071;;00010000215;810;303;3;104000100000000810;1327;0001;1;MKT-0001-071;1;88000000.00;0,666666667;00.00;1;MONTHS;FLAT;1;1144000.00;;01/04/25;88000000.00;00.00;00.00;0;1;;;;;;;;;;;00.00;2640000.00;00.00;00.00;00.00;0;00.00;0;00.00;ACTIVE;2;2025-12-01 00:00:70;1;
EXCEL;EXCEL;EXCEL;72;1;303000100000000072;303000100000000072;;00010000216;811;303;3;104000100000000811;1328;0001;1;MKT-0001-072;1;1000000.00;12.00;00.00;10;MONTHS;FLAT;0;00.00;;01/07/25;810000.00;00.00;00.00;0;1;;;;;;;;;;;00.00;30000.00;00.00;00.00;00.00;0;00.00;0;00.00;ACTIVE;2;2025-12-01 00:00:71;1;
EXCEL;EXCEL;EXCEL;73;1;303000100000000073;303000100000000073;;00010000217;812;303;3;104000100000000812;1329;0001;1;MKT-0001-073;1;21000000.00;12.00;00.00;36;MONTHS;FLAT;0;00.00;;01/08/25;20043333.33;00.00;00.00;0;1;;;;;;;;;;;00.00;630000.00;00.00;00.00;00.00;0;00.00;0;00.00;ACTIVE;2;2025-12-01 00:00:72;1;
EXCEL;EXCEL;EXCEL;74;1;303000100000000074;303000100000000074;;00010000218;813;303;3;104000100000000813;1330;0001;1;MKT-0001-074;1;5000000.00;12.00;00.00;24;MONTHS;FLAT;0;00.00;;01/08/25;4633333.33;00.00;00.00;0;1;;;;;;;;;;;00.00;150000.00;00.00;00.00;00.00;0;00.00;0;00.00;ACTIVE;2;2025-12-01 00:00:73;1;
EXCEL;EXCEL;EXCEL;75;1;303000100000000075;303000100000000075;;00010000219;814;303;3;104000100000000814;1331;0001;1;MKT-0001-075;1;7000000.00;12.00;00.00;60;MONTHS;FLAT;0;00.00;;01/09/25;6836666.67;00.00;00.00;0;1;;;;;;;;;;;00.00;210000.00;00.00;00.00;00.00;0;00.00;0;00.00;ACTIVE;2;2025-12-01 00:00:74;1;
EXCEL;EXCEL;EXCEL;76;1;303000100000000076;303000100000000076;;00010000220;815;303;3;104000100000000815;1332;0001;1;MKT-0001-076;1;5000000.00;12.00;00.00;24;MONTHS;FLAT;0;00.00;;01/09/25;4375000.00;00.00;00.00;0;1;;;;;;;;;;;00.00;150000.00;00.00;00.00;00.00;0;00.00;0;00.00;ACTIVE;2;2025-12-01 00:00:75;1;
EXCEL;EXCEL;EXCEL;77;1;303000100000000077;303000100000000077;;00010000221;816;303;3;104000100000000816;1333;0001;1;MKT-0001-077;1;7000000.00;12.00;00.00;24;MONTHS;FLAT;0;00.00;;01/09/25;6125000.00;00.00;00.00;0;1;;;;;;;;;;;00.00;210000.00;00.00;00.00;00.00;0;00.00;0;00.00;ACTIVE;2;2025-12-01 00:00:76;1;
EXCEL;EXCEL;EXCEL;78;1;303000100000000078;303000100000000078;;00010000222;817;303;3;104000100000000817;1334;0001;1;MKT-0001-078;1;5000000.00;12.00;00.00;24;MONTHS;FLAT;0;00.00;;01/09/25;4633333.33;00.00;00.00;0;1;;;;;;;;;;;00.00;150000.00;00.00;00.00;00.00;0;00.00;0;00.00;ACTIVE;2;2025-12-01 00:00:77;1;
EXCEL;EXCEL;EXCEL;79;1;303000100000000079;303000100000000079;;00010000223;818;303;3;104000100000000818;1335;0001;1;MKT-0001-079;1;4200000.00;12.00;00.00;24;MONTHS;FLAT;0;00.00;;01/09/25;3892000.00;00.00;00.00;0;1;;;;;;;;;;;00.00;126000.00;00.00;00.00;00.00;0;00.00;0;00.00;ACTIVE;2;2025-12-01 00:00:78;1;
EXCEL;EXCEL;EXCEL;80;1;303000100000000080;303000100000000080;;00010000224;819;303;3;104000100000000819;1336;0001;1;MKT-0001-080;1;1100000.00;12.00;00.00;6;MONTHS;FLAT;0;00.00;;01/09/25;744333.33;00.00;00.00;0;1;;;;;;;;;;;00.00;33000.00;00.00;00.00;00.00;0;00.00;0;00.00;ACTIVE;2;2025-12-01 00:00:79;1;
EXCEL;EXCEL;EXCEL;81;1;303000100000000081;303000100000000081;;00010000225;820;303;3;104000100000000820;1337;0001;1;MKT-0001-081;1;5000000.00;12.00;00.00;10;MONTHS;FLAT;0;00.00;;01/09/25;4050000.00;00.00;00.00;0;1;;;;;;;;;;;00.00;150000.00;00.00;00.00;00.00;0;00.00;0;00.00;ACTIVE;2;2025-12-01 00:00:80;1;
EXCEL;EXCEL;EXCEL;82;1;303000100000000082;303000100000000082;;00010000226;821;303;3;104000100000000821;1338;0001;1;MKT-0001-082;1;10000000.00;12.00;00.00;24;MONTHS;FLAT;0;00.00;;01/09/25;9583333.33;00.00;00.00;0;1;;;;;;;;;;;00.00;300000.00;00.00;00.00;00.00;0;00.00;0;00.00;ACTIVE;2;2025-12-01 00:00:81;1;
EXCEL;EXCEL;EXCEL;83;1;303000100000000083;303000100000000083;;00010000227;822;303;3;104000100000000822;1339;0001;1;MKT-0001-083;1;5000000.00;12.00;00.00;6;MONTHS;FLAT;0;00.00;;01/09/25;3383333.33;00.00;00.00;0;1;;;;;;;;;;;00.00;150000.00;00.00;00.00;00.00;0;00.00;0;00.00;ACTIVE;2;2025-12-01 00:00:82;1;
EXCEL;EXCEL;EXCEL;84;1;303000100000000084;303000100000000084;;00010000228;823;303;3;104000100000000823;1340;0001;1;MKT-0001-084;1;5000000.00;12.00;00.00;24;MONTHS;FLAT;0;00.00;;01/10/25;4741666.67;00.00;00.00;0;1;;;;;;;;;;;00.00;150000.00;00.00;00.00;00.00;0;00.00;0;00.00;ACTIVE;2;2025-12-01 00:00:83;1;
EXCEL;EXCEL;EXCEL;85;1;303000100000000085;303000100000000085;;00010000229;824;303;3;104000100000000824;1341;0001;1;MKT-0001-085;1;10000000.00;12.00;00.00;12;MONTHS;FLAT;0;00.00;;01/10/25;8133333.33;00.00;00.00;0;1;;;;;;;;;;;00.00;300000.00;00.00;00.00;00.00;0;00.00;0;00.00;ACTIVE;2;2025-12-01 00:00:84;1;
EXCEL;EXCEL;EXCEL;86;1;303000100000000086;303000100000000086;;00010000230;825;303;3;104000100000000825;1342;0001;1;MKT-0001-086;1;4000000.00;12.00;00.00;24;MONTHS;FLAT;0;00.00;;01/10/25;3793333.33;00.00;00.00;0;1;;;;;;;;;;;00.00;120000.00;00.00;00.00;00.00;0;00.00;0;00.00;ACTIVE;2;2025-12-01 00:00:85;1;
EXCEL;EXCEL;EXCEL;87;1;303000100000000087;303000100000000087;;00010000231;826;303;3;104000100000000826;1343;0001;1;MKT-0001-087;1;5300000.00;12.00;00.00;24;MONTHS;FLAT;0;00.00;;01/10/25;5026166.67;00.00;00.00;0;1;;;;;;;;;;;00.00;159000.00;00.00;00.00;00.00;0;00.00;0;00.00;ACTIVE;2;2025-12-01 00:00:86;1;
EXCEL;EXCEL;EXCEL;88;1;303000100000000088;303000100000000088;;00010000232;827;303;3;104000100000000827;1344;0001;1;MKT-0001-088;1;5000000.00;12.00;00.00;24;MONTHS;FLAT;0;00.00;;01/10/25;4741666.67;00.00;00.00;0;1;;;;;;;;;;;00.00;150000.00;00.00;00.00;00.00;0;00.00;0;00.00;ACTIVE;2;2025-12-01 00:00:87;1;
EXCEL;EXCEL;EXCEL;89;1;303000100000000089;303000100000000089;;00010000233;828;303;3;104000100000000828;1345;0001;1;MKT-0001-089;1;5000000.00;12.00;00.00;24;MONTHS;FLAT;0;00.00;;01/10/25;4741666.67;00.00;00.00;0;1;;;;;;;;;;;00.00;150000.00;00.00;00.00;00.00;0;00.00;0;00.00;ACTIVE;2;2025-12-01 00:00:88;1;
EXCEL;EXCEL;EXCEL;90;1;303000100000000090;303000100000000090;;00010000234;829;303;3;104000100000000829;1346;0001;1;MKT-0001-090;1;2250000.00;12.00;00.00;24;MONTHS;FLAT;0;00.00;;01/10/25;2133750.00;00.00;00.00;0;1;;;;;;;;;;;00.00;67500.00;00.00;00.00;00.00;0;00.00;0;00.00;ACTIVE;2;2025-12-01 00:00:89;1;
EXCEL;EXCEL;EXCEL;91;1;303000100000000091;303000100000000091;;00010000235;830;303;3;104000100000000830;1347;0001;1;MKT-0001-091;1;5000000.00;12.00;00.00;24;MONTHS;FLAT;0;00.00;;01/10/25;4741666.67;00.00;00.00;0;1;;;;;;;;;;;00.00;150000.00;00.00;00.00;00.00;0;00.00;0;00.00;ACTIVE;2;2025-12-01 00:00:90;1;
EXCEL;EXCEL;EXCEL;92;1;303000100000000092;303000100000000092;;00010000236;831;303;3;104000100000000831;1348;0001;1;MKT-0001-092;1;2500000.00;12.00;00.00;24;MONTHS;FLAT;0;00.00;;01/10/25;2370833.33;00.00;00.00;0;1;;;;;;;;;;;00.00;75000.00;00.00;00.00;00.00;0;00.00;0;00.00;ACTIVE;2;2025-12-01 00:00:91;1;
EXCEL;EXCEL;EXCEL;93;1;303000100000000093;303000100000000093;;00010000237;832;303;3;104000100000000832;1349;0001;1;MKT-0001-093;1;9000000.00;08.00;00.00;12;MONTHS;FLAT;0;00.00;;01/12/25;9000000.00;00.00;00.00;0;1;;;;;;;;;;;00.00;270000.00;00.00;00.00;00.00;0;00.00;0;00.00;ACTIVE;2;2025-12-01 00:00:92;1;
EXCEL;EXCEL;EXCEL;94;1;303000100000000094;303000100000000094;;00010000238;833;303;3;104000100000000833;1350;0001;1;MKT-0001-094;1;3000000.00;144.00.00;00.00;12;MONTHS;FLAT;0;00.00;;01/10/25;3000000.00;00.00;00.00;0;1;;;;;;;;;;;00.00;90000.00;00.00;00.00;00.00;0;00.00;0;00.00;ACTIVE;2;2025-12-01 00:00:93;1;
EXCEL;EXCEL;EXCEL;95;1;303000100000000095;303000100000000095;;00010000239;834;303;3;104000100000000834;1351;0001;1;MKT-0001-095;1;4000000.00;12.00;00.00;24;MONTHS;FLAT;0;00.00;;01/10/25;3666666.67;00.00;00.00;0;1;;;;;;;;;;;00.00;120000.00;00.00;00.00;00.00;0;00.00;0;00.00;ACTIVE;2;2025-12-01 00:00:94;1;
EXCEL;EXCEL;EXCEL;96;1;303000100000000096;303000100000000096;;00010000240;835;303;3;104000100000000835;1352;0001;1;MKT-0001-096;1;6000000.00;12.00;00.00;24;MONTHS;FLAT;0;00.00;;01/10/25;5810000.00;00.00;00.00;0;1;;;;;;;;;;;00.00;180000.00;00.00;00.00;00.00;0;00.00;0;00.00;ACTIVE;2;2025-12-01 00:00:95;1;
EXCEL;EXCEL;EXCEL;97;1;303000100000000097;303000100000000097;;00010000241;836;303;3;104000100000000836;1353;0001;1;MKT-0001-097;1;6000000.00;12.00;00.00;24;MONTHS;FLAT;0;00.00;;01/10/25;5810000.00;00.00;00.00;0;1;;;;;;;;;;;00.00;180000.00;00.00;00.00;00.00;0;00.00;0;00.00;ACTIVE;2;2025-12-01 00:00:96;1;
EXCEL;EXCEL;EXCEL;98;1;303000100000000098;303000100000000098;;00010000242;837;303;3;104000100000000837;1354;0001;1;MKT-0001-098;1;3500000.00;12.00;00.00;24;MONTHS;FLAT;0;00.00;;01/10/25;3208333.33;00.00;00.00;0;1;;;;;;;;;;;00.00;105000.00;00.00;00.00;00.00;0;00.00;0;00.00;ACTIVE;2;2025-12-01 00:00:97;1;
EXCEL;EXCEL;EXCEL;99;1;303000100000000099;303000100000000099;;00010000243;838;303;3;104000100000000838;1355;0001;1;MKT-0001-099;1;5000000.00;12.00;00.00;24;MONTHS;FLAT;0;00.00;;01/11/25;4791666.67;00.00;00.00;0;1;;;;;;;;;;;00.00;150000.00;00.00;00.00;00.00;0;00.00;0;00.00;ACTIVE;2;2025-12-01 00:00:98;1;
EXCEL;EXCEL;EXCEL;100;1;303000100000000100;303000100000000100;;00010000244;839;303;3;104000100000000839;1356;0001;1;MKT-0001-100;1;10000000.00;12.00;00.00;18;MONTHS;FLAT;0;00.00;;01/11/25;9444444.44;00.00;00.00;0;1;;;;;;;;;;;00.00;300000.00;00.00;00.00;00.00;0;00.00;0;00.00;ACTIVE;2;2025-12-01 00:00:99;1;
EXCEL;EXCEL;EXCEL;101;1;303000100000000101;303000100000000101;;00010000245;840;303;3;104000100000000840;1357;0001;1;MKT-0001-101;1;20000000.00;12.00;00.00;12;MONTHS;FLAT;0;00.00;;01/12/25;20000000.00;00.00;00.00;0;1;;;;;;;;;;;00.00;600000.00;00.00;00.00;00.00;0;00.00;0;00.00;ACTIVE;2;2025-12-01 00:00:100;1;
EXCEL;EXCEL;EXCEL;102;1;303000100000000102;303000100000000102;;00010000246;841;303;3;104000100000000841;1358;0001;1;MKT-0001-102;1;10000000.00;12.00;00.00;24;MONTHS;FLAT;0;00.00;;01/12/25;10000000.00;00.00;00.00;0;1;;;;;;;;;;;00.00;300000.00;00.00;00.00;00.00;0;00.00;0;00.00;ACTIVE;2;2025-12-01 00:00:101;1;
EXCEL;EXCEL;EXCEL;103;1;303000100000000103;303000100000000103;;00010000247;842;303;3;104000100000000842;1359;0001;1;MKT-0001-103;1;5000000.00;12.00;00.00;18;MONTHS;FLAT;0;00.00;;01/12/25;5000000.00;00.00;00.00;0;1;;;;;;;;;;;00.00;150000.00;00.00;00.00;00.00;0;00.00;0;00.00;ACTIVE;2;2025-12-01 00:00:102;1;
EXCEL;EXCEL;EXCEL;104;1;307000100000000104;307000100000000104;;00010000248;843;307;7;104000100000000843;1360;0001;1;MKT-0001-104;1;310000000.00;24.00.00;00.00;14;MONTHS;FLAT;0;00.00;;01/09/25;243571428.57;00.00;00.00;0;1;;;;;;;;;;;00.00;9300000.00;00.00;00.00;00.00;0;00.00;0;00.00;ACTIVE;2;2025-12-01 00:00:103;1;
